{"cameraMode":{"drawMode":0,"name":"Shaded","section":"Shading Mode"},"sceneLighting":false,"audioPlay":false,"sceneViewState":{"m_AlwaysRefresh":false,"showFog":true,"showSkybox":false,"showFlares":true,"showImageEffects":true,"showParticleSystems":true,"showVisualEffectGraphs":true,"m_FxEnabled":true},"in2DMode":false,"pivot":{"x":1.079854965209961,"y":1.2999999523162842,"z":7.819999694824219},"rotation":{"x":0.21204213798046113,"y":-0.6301832795143127,"z":0.18462853133678437,"w":0.7237537503242493},"size":1.2990379333496094,"orthographic":true}