{"cameraMode":{"drawMode":0,"name":"Shaded","section":"Shading Mode"},"sceneLighting":true,"audioPlay":false,"sceneViewState":{"m_AlwaysRefresh":false,"showFog":true,"showSkybox":true,"showFlares":true,"showImageEffects":true,"showParticleSystems":true,"showVisualEffectGraphs":true,"m_FxEnabled":true},"in2DMode":false,"pivot":{"x":1.079854965209961,"y":1.2999999523162842,"z":-0.48151397705078127},"rotation":{"x":0.27944186329841616,"y":-0.0426114983856678,"z":0.012414872646331787,"w":0.959135890007019},"size":26.2230224609375,"orthographic":true}