{"cameraMode":{"drawMode":0,"name":"Shaded","section":"Shading Mode"},"sceneLighting":true,"audioPlay":false,"sceneViewState":{"m_AlwaysRefresh":false,"showFog":true,"showSkybox":true,"showFlares":true,"showImageEffects":true,"showParticleSystems":true,"showVisualEffectGraphs":true,"m_FxEnabled":true},"in2DMode":false,"pivot":{"x":1.079854965209961,"y":1.2999999523162842,"z":-0.48151397705078127},"rotation":{"x":0.21204213798046113,"y":-0.6301832795143127,"z":0.18462853133678437,"w":0.7237537503242493},"size":11.605278015136719,"orthographic":true}